Paso,Variable,Motivo_de_eliminacion
0,SWANID,Eliminada por no pertenecer al set preliminar seleccionado
0,VISIT,Eliminada por no pertenecer al set preliminar seleccionado
0,INTDAY5,Eliminada por no pertenecer al set preliminar seleccionado
0,LANGINT5,Eliminada por no pertenecer al set preliminar seleccionado
0,PREGNAN5,Eliminada por no pertenecer al set preliminar seleccionado
0,PREVBLO5,Eliminada por no pertenecer al set preliminar seleccionado
0,EATDRIN5,Eliminada por no pertenecer al set preliminar seleccionado
0,STRTPER5,Eliminada por no pertenecer al set preliminar seleccionado
0,DAYBLE5,Eliminada por no pertenecer al set preliminar seleccionado
0,BLDRWAT5,Eliminada por no pertenecer al set preliminar seleccionado
0,BLDDRAW5,Eliminada por no pertenecer al set preliminar seleccionado
0,SPEDAY5,Eliminada por no pertenecer al set preliminar seleccionado
0,ANTICO15,Eliminada por no pertenecer al set preliminar seleccionado
0,ACOATW15,Eliminada por no pertenecer al set preliminar seleccionado
0,ANTICO25,Eliminada por no pertenecer al set preliminar seleccionado
0,ACOATW25,Eliminada por no pertenecer al set preliminar seleccionado
0,HEART15,Eliminada por no pertenecer al set preliminar seleccionado
0,HARTTW15,Eliminada por no pertenecer al set preliminar seleccionado
0,HEART25,Eliminada por no pertenecer al set preliminar seleccionado
0,HARTTW25,Eliminada por no pertenecer al set preliminar seleccionado
0,CHOLST15,Eliminada por no pertenecer al set preliminar seleccionado
0,CHOLTW15,Eliminada por no pertenecer al set preliminar seleccionado
0,CHOLST25,Eliminada por no pertenecer al set preliminar seleccionado
0,CHOLTW25,Eliminada por no pertenecer al set preliminar seleccionado
0,BP15,Eliminada por no pertenecer al set preliminar seleccionado
0,BPTW15,Eliminada por no pertenecer al set preliminar seleccionado
0,BP25,Eliminada por no pertenecer al set preliminar seleccionado
0,BPTW25,Eliminada por no pertenecer al set preliminar seleccionado
0,DIURET15,Eliminada por no pertenecer al set preliminar seleccionado
0,DIURTW15,Eliminada por no pertenecer al set preliminar seleccionado
0,DIURET25,Eliminada por no pertenecer al set preliminar seleccionado
0,DIURTW25,Eliminada por no pertenecer al set preliminar seleccionado
0,THYROI15,Eliminada por no pertenecer al set preliminar seleccionado
0,THYRTW15,Eliminada por no pertenecer al set preliminar seleccionado
0,THYROI25,Eliminada por no pertenecer al set preliminar seleccionado
0,THYRTW25,Eliminada por no pertenecer al set preliminar seleccionado
0,INSULN15,Eliminada por no pertenecer al set preliminar seleccionado
0,INSUTW15,Eliminada por no pertenecer al set preliminar seleccionado
0,INSULN25,Eliminada por no pertenecer al set preliminar seleccionado
0,INSUTW25,Eliminada por no pertenecer al set preliminar seleccionado
0,NERVS15,Eliminada por no pertenecer al set preliminar seleccionado
0,NERVTW15,Eliminada por no pertenecer al set preliminar seleccionado
0,NERVS25,Eliminada por no pertenecer al set preliminar seleccionado
0,NERVTW25,Eliminada por no pertenecer al set preliminar seleccionado
0,STEROI15,Eliminada por no pertenecer al set preliminar seleccionado
0,STERTW15,Eliminada por no pertenecer al set preliminar seleccionado
0,STEROI25,Eliminada por no pertenecer al set preliminar seleccionado
0,STERTW25,Eliminada por no pertenecer al set preliminar seleccionado
0,FERTIL15,Eliminada por no pertenecer al set preliminar seleccionado
0,FRTLTW15,Eliminada por no pertenecer al set preliminar seleccionado
0,FERTIL25,Eliminada por no pertenecer al set preliminar seleccionado
0,FRTLTW25,Eliminada por no pertenecer al set preliminar seleccionado
0,BCP15,Eliminada por no pertenecer al set preliminar seleccionado
0,BCPTWI15,Eliminada por no pertenecer al set preliminar seleccionado
0,BCP25,Eliminada por no pertenecer al set preliminar seleccionado
0,BCPTWI25,Eliminada por no pertenecer al set preliminar seleccionado
0,BCREAS5,Eliminada por no pertenecer al set preliminar seleccionado
0,BCRES_S5,Eliminada por no pertenecer al set preliminar seleccionado
0,ESTROG15,Eliminada por no pertenecer al set preliminar seleccionado
0,ESTRTW15,Eliminada por no pertenecer al set preliminar seleccionado
0,ESTROG25,Eliminada por no pertenecer al set preliminar seleccionado
0,ESTRTW25,Eliminada por no pertenecer al set preliminar seleccionado
0,ESTRDA15,Eliminada por no pertenecer al set preliminar seleccionado
0,ESTRDA25,Eliminada por no pertenecer al set preliminar seleccionado
0,ESTRNJ15,Eliminada por no pertenecer al set preliminar seleccionado
0,EINJTW15,Eliminada por no pertenecer al set preliminar seleccionado
0,ESTRNJ25,Eliminada por no pertenecer al set preliminar seleccionado
0,EINJTW25,Eliminada por no pertenecer al set preliminar seleccionado
0,COMBIN15,Eliminada por no pertenecer al set preliminar seleccionado
0,COMBTW15,Eliminada por no pertenecer al set preliminar seleccionado
0,COMBIN25,Eliminada por no pertenecer al set preliminar seleccionado
0,COMBTW25,Eliminada por no pertenecer al set preliminar seleccionado
0,PROGES15,Eliminada por no pertenecer al set preliminar seleccionado
0,PROGTW15,Eliminada por no pertenecer al set preliminar seleccionado
0,PROGES25,Eliminada por no pertenecer al set preliminar seleccionado
0,PROGTW25,Eliminada por no pertenecer al set preliminar seleccionado
0,PROGDA15,Eliminada por no pertenecer al set preliminar seleccionado
0,PROGDA25,Eliminada por no pertenecer al set preliminar seleccionado
0,OSTEPR15,Eliminada por no pertenecer al set preliminar seleccionado
0,OSTETW15,Eliminada por no pertenecer al set preliminar seleccionado
0,OSTEPR25,Eliminada por no pertenecer al set preliminar seleccionado
0,OSTETW25,Eliminada por no pertenecer al set preliminar seleccionado
0,ARTHRT15,Eliminada por no pertenecer al set preliminar seleccionado
0,ARTHTW15,Eliminada por no pertenecer al set preliminar seleccionado
0,ARTHRT25,Eliminada por no pertenecer al set preliminar seleccionado
0,ARTHTW25,Eliminada por no pertenecer al set preliminar seleccionado
0,OTHMED15,Eliminada por no pertenecer al set preliminar seleccionado
0,OTHRTW15,Eliminada por no pertenecer al set preliminar seleccionado
0,OTHMED25,Eliminada por no pertenecer al set preliminar seleccionado
0,OTHRTW25,Eliminada por no pertenecer al set preliminar seleccionado
0,OTHMED35,Eliminada por no pertenecer al set preliminar seleccionado
0,OTHRTW35,Eliminada por no pertenecer al set preliminar seleccionado
0,OTHMED45,Eliminada por no pertenecer al set preliminar seleccionado
0,OTHRTW45,Eliminada por no pertenecer al set preliminar seleccionado
0,OTHMED55,Eliminada por no pertenecer al set preliminar seleccionado
0,OTHRTW55,Eliminada por no pertenecer al set preliminar seleccionado
0,OTHMED65,Eliminada por no pertenecer al set preliminar seleccionado
0,OTHRTW65,Eliminada por no pertenecer al set preliminar seleccionado
0,OTHMED75,Eliminada por no pertenecer al set preliminar seleccionado
0,OTHRTW75,Eliminada por no pertenecer al set preliminar seleccionado
0,OTHMED85,Eliminada por no pertenecer al set preliminar seleccionado
0,OTHRTW85,Eliminada por no pertenecer al set preliminar seleccionado
0,OTHMED95,Eliminada por no pertenecer al set preliminar seleccionado
0,OTHRTW95,Eliminada por no pertenecer al set preliminar seleccionado
0,OTHME105,Eliminada por no pertenecer al set preliminar seleccionado
0,OTHTW105,Eliminada por no pertenecer al set preliminar seleccionado
0,OTHME115,Eliminada por no pertenecer al set preliminar seleccionado
0,OTHTW115,Eliminada por no pertenecer al set preliminar seleccionado
0,OTHME125,Eliminada por no pertenecer al set preliminar seleccionado
0,OTHTW125,Eliminada por no pertenecer al set preliminar seleccionado
0,OTHME135,Eliminada por no pertenecer al set preliminar seleccionado
0,OTHTW135,Eliminada por no pertenecer al set preliminar seleccionado
0,OTHME145,Eliminada por no pertenecer al set preliminar seleccionado
0,OTHTW145,Eliminada por no pertenecer al set preliminar seleccionado
0,OTHME155,Eliminada por no pertenecer al set preliminar seleccionado
0,OTHTW155,Eliminada por no pertenecer al set preliminar seleccionado
0,ESTLSTV5,Eliminada por no pertenecer al set preliminar seleccionado
0,REDUHAR5,Eliminada por no pertenecer al set preliminar seleccionado
0,OSTEOPO5,Eliminada por no pertenecer al set preliminar seleccionado
0,MENOSYM5,Eliminada por no pertenecer al set preliminar seleccionado
0,YOUNGLK5,Eliminada por no pertenecer al set preliminar seleccionado
0,HCPADVI5,Eliminada por no pertenecer al set preliminar seleccionado
0,FRNADVI5,Eliminada por no pertenecer al set preliminar seleccionado
0,IMPRMEM5,Eliminada por no pertenecer al set preliminar seleccionado
0,REGPERI5,Eliminada por no pertenecer al set preliminar seleccionado
0,HORMOTH5,Eliminada por no pertenecer al set preliminar seleccionado
0,DONTKNO5,Eliminada por no pertenecer al set preliminar seleccionado
0,HORMDAY5,Eliminada por no pertenecer al set preliminar seleccionado
0,PRBBLEE5,Eliminada por no pertenecer al set preliminar seleccionado
0,HAVEPER5,Eliminada por no pertenecer al set preliminar seleccionado
0,LIKEFEL5,Eliminada por no pertenecer al set preliminar seleccionado
0,SIDEEFF5,Eliminada por no pertenecer al set preliminar seleccionado
0,CANCER5,Eliminada por no pertenecer al set preliminar seleccionado
0,ADVISTO5,Eliminada por no pertenecer al set preliminar seleccionado
0,EXPENSI5,Eliminada por no pertenecer al set preliminar seleccionado
0,NOLIKE5,Eliminada por no pertenecer al set preliminar seleccionado
0,NOREMEB5,Eliminada por no pertenecer al set preliminar seleccionado
0,DNTKNOW5,Eliminada por no pertenecer al set preliminar seleccionado
0,STOPOTH5,Eliminada por no pertenecer al set preliminar seleccionado
0,NOREASO5,Eliminada por no pertenecer al set preliminar seleccionado
0,PAIN15,Eliminada por no pertenecer al set preliminar seleccionado
0,PAINTW15,Eliminada por no pertenecer al set preliminar seleccionado
0,PAIN25,Eliminada por no pertenecer al set preliminar seleccionado
0,PAINTW25,Eliminada por no pertenecer al set preliminar seleccionado
0,SLEEP15,Eliminada por no pertenecer al set preliminar seleccionado
0,SLEPTW15,Eliminada por no pertenecer al set preliminar seleccionado
0,SLEEP25,Eliminada por no pertenecer al set preliminar seleccionado
0,SLEPTW25,Eliminada por no pertenecer al set preliminar seleccionado
0,OTC15,Eliminada por no pertenecer al set preliminar seleccionado
0,OTCTW15,Eliminada por no pertenecer al set preliminar seleccionado
0,OTC25,Eliminada por no pertenecer al set preliminar seleccionado
0,OTCTW25,Eliminada por no pertenecer al set preliminar seleccionado
0,OTC35,Eliminada por no pertenecer al set preliminar seleccionado
0,OTCTW35,Eliminada por no pertenecer al set preliminar seleccionado
0,OTC45,Eliminada por no pertenecer al set preliminar seleccionado
0,OTCTW45,Eliminada por no pertenecer al set preliminar seleccionado
0,ALCHL245,Eliminada por no pertenecer al set preliminar seleccionado
0,SOYPROT5,Eliminada por no pertenecer al set preliminar seleccionado
0,CEREACA5,Eliminada por no pertenecer al set preliminar seleccionado
0,BREADCA5,Eliminada por no pertenecer al set preliminar seleccionado
0,ORANGCA5,Eliminada por no pertenecer al set preliminar seleccionado
0,ANEMIA5,Eliminada por no pertenecer al set preliminar seleccionado
0,DIABETE5,Eliminada por no pertenecer al set preliminar seleccionado
0,MIGRAIN5,Eliminada por no pertenecer al set preliminar seleccionado
0,STROKE5,Eliminada por no pertenecer al set preliminar seleccionado
0,OSTEOAR5,Eliminada por no pertenecer al set preliminar seleccionado
0,THYROID5,Eliminada por no pertenecer al set preliminar seleccionado
0,HEARTAT5,Eliminada por no pertenecer al set preliminar seleccionado
0,ANGINA5,Eliminada por no pertenecer al set preliminar seleccionado
0,OSTEOPR5,Eliminada por no pertenecer al set preliminar seleccionado
0,CANCERS5,Eliminada por no pertenecer al set preliminar seleccionado
0,SITESPE5,Eliminada por no pertenecer al set preliminar seleccionado
0,TAMOXIF5,Eliminada por no pertenecer al set preliminar seleccionado
0,CHEMOTH5,Eliminada por no pertenecer al set preliminar seleccionado
0,BROKEBO5,Eliminada por no pertenecer al set preliminar seleccionado
0,BONES15,Eliminada por no pertenecer al set preliminar seleccionado
0,HAPPEN15,Eliminada por no pertenecer al set preliminar seleccionado
0,BONES25,Eliminada por no pertenecer al set preliminar seleccionado
0,HAPPEN25,Eliminada por no pertenecer al set preliminar seleccionado
0,BONES35,Eliminada por no pertenecer al set preliminar seleccionado
0,HAPPEN35,Eliminada por no pertenecer al set preliminar seleccionado
0,DANDC5,Eliminada por no pertenecer al set preliminar seleccionado
0,NUMDAND5,Eliminada por no pertenecer al set preliminar seleccionado
0,HYSTERE5,Eliminada por no pertenecer al set preliminar seleccionado
0,HYSTDAY5,Eliminada por no pertenecer al set preliminar seleccionado
0,OOPHORE5,Eliminada por no pertenecer al set preliminar seleccionado
0,ONEOVAR5,Eliminada por no pertenecer al set preliminar seleccionado
0,ABLATIN5,Eliminada por no pertenecer al set preliminar seleccionado
0,UTERPRO5,Eliminada por no pertenecer al set preliminar seleccionado
0,THYRREM5,Eliminada por no pertenecer al set preliminar seleccionado
0,ENDO5,Eliminada por no pertenecer al set preliminar seleccionado
0,ENDODIF5,Eliminada por no pertenecer al set preliminar seleccionado
0,PELVCPN5,Eliminada por no pertenecer al set preliminar seleccionado
0,DIFPELV5,Eliminada por no pertenecer al set preliminar seleccionado
0,PROLAPS5,Eliminada por no pertenecer al set preliminar seleccionado
0,DIFPROL5,Eliminada por no pertenecer al set preliminar seleccionado
0,PELVCNC5,Eliminada por no pertenecer al set preliminar seleccionado
0,DIFCANC5,Eliminada por no pertenecer al set preliminar seleccionado
0,ABBLEED5,Eliminada por no pertenecer al set preliminar seleccionado
0,DIFBLED5,Eliminada por no pertenecer al set preliminar seleccionado
0,DIFFIBR5,Eliminada por no pertenecer al set preliminar seleccionado
0,PRVIDER5,Eliminada por no pertenecer al set preliminar seleccionado
0,PROFDEG5,Eliminada por no pertenecer al set preliminar seleccionado
0,SPECIFY5,Eliminada por no pertenecer al set preliminar seleccionado
0,PROVSPC5,Eliminada por no pertenecer al set preliminar seleccionado
0,SPECIAL5,Eliminada por no pertenecer al set preliminar seleccionado
0,PROVTIM5,Eliminada por no pertenecer al set preliminar seleccionado
0,BLEEDNG5,Eliminada por no pertenecer al set preliminar seleccionado
0,BLD3MON5,Eliminada por no pertenecer al set preliminar seleccionado
0,LMPDAY5,Eliminada por no pertenecer al set preliminar seleccionado
0,DESCPER5,Eliminada por no pertenecer al set preliminar seleccionado
0,LENGCYL5,Eliminada por no pertenecer al set preliminar seleccionado
0,PRGNANT5,Eliminada por no pertenecer al set preliminar seleccionado
0,OUTCOME5,Eliminada por no pertenecer al set preliminar seleccionado
0,BRSTFEE5,Eliminada por no pertenecer al set preliminar seleccionado
0,QLTYLIF5,Eliminada por no pertenecer al set preliminar seleccionado
0,LISTEN5,Eliminada por no pertenecer al set preliminar seleccionado
0,TAKETOM5,Eliminada por no pertenecer al set preliminar seleccionado
0,CONFIDE5,Eliminada por no pertenecer al set preliminar seleccionado
0,HELPSIC5,Eliminada por no pertenecer al set preliminar seleccionado
0,CONTROL5,Eliminada por no pertenecer al set preliminar seleccionado
0,ABILITY5,Eliminada por no pertenecer al set preliminar seleccionado
0,YOURWAY5,Eliminada por no pertenecer al set preliminar seleccionado
0,PILING5,Eliminada por no pertenecer al set preliminar seleccionado
0,BOTHER5,Eliminada por no pertenecer al set preliminar seleccionado
0,APPETIT5,Eliminada por no pertenecer al set preliminar seleccionado
0,BLUES5,Eliminada por no pertenecer al set preliminar seleccionado
0,GOOD5,Eliminada por no pertenecer al set preliminar seleccionado
0,KEEPMIN5,Eliminada por no pertenecer al set preliminar seleccionado
0,DEPRESS5,Eliminada por no pertenecer al set preliminar seleccionado
0,EFFORT5,Eliminada por no pertenecer al set preliminar seleccionado
0,HOPEFUL5,Eliminada por no pertenecer al set preliminar seleccionado
0,FAILURE5,Eliminada por no pertenecer al set preliminar seleccionado
0,FEARFUL5,Eliminada por no pertenecer al set preliminar seleccionado
0,RESTLES5,Eliminada por no pertenecer al set preliminar seleccionado
0,HAPPY5,Eliminada por no pertenecer al set preliminar seleccionado
0,TALKLES5,Eliminada por no pertenecer al set preliminar seleccionado
0,LONELY5,Eliminada por no pertenecer al set preliminar seleccionado
0,UNFRNDL5,Eliminada por no pertenecer al set preliminar seleccionado
0,ENJOY5,Eliminada por no pertenecer al set preliminar seleccionado
0,CRYING5,Eliminada por no pertenecer al set preliminar seleccionado
0,SAD5,Eliminada por no pertenecer al set preliminar seleccionado
0,DISLIKE5,Eliminada por no pertenecer al set preliminar seleccionado
0,GETGOIN5,Eliminada por no pertenecer al set preliminar seleccionado
0,CHNGJOB5,Eliminada por no pertenecer al set preliminar seleccionado
0,JOB5,Eliminada por no pertenecer al set preliminar seleccionado
0,CHANGHR5,Eliminada por no pertenecer al set preliminar seleccionado
0,STRTIM15,Eliminada por no pertenecer al set preliminar seleccionado
0,STPTIM15,Eliminada por no pertenecer al set preliminar seleccionado
0,ROTAT15,Eliminada por no pertenecer al set preliminar seleccionado
0,STRTIM25,Eliminada por no pertenecer al set preliminar seleccionado
0,STPTIM25,Eliminada por no pertenecer al set preliminar seleccionado
0,ROTAT25,Eliminada por no pertenecer al set preliminar seleccionado
0,STRTIM35,Eliminada por no pertenecer al set preliminar seleccionado
0,STPTIM35,Eliminada por no pertenecer al set preliminar seleccionado
0,ROTAT35,Eliminada por no pertenecer al set preliminar seleccionado
0,HOURSPA5,Eliminada por no pertenecer al set preliminar seleccionado
0,VOLUNTE5,Eliminada por no pertenecer al set preliminar seleccionado
0,VLNTHR15,Eliminada por no pertenecer al set preliminar seleccionado
0,VLNTHR25,Eliminada por no pertenecer al set preliminar seleccionado
0,VLNTHR35,Eliminada por no pertenecer al set preliminar seleccionado
0,MARITAL5,Eliminada por no pertenecer al set preliminar seleccionado
0,CHGHHLD5,Eliminada por no pertenecer al set preliminar seleccionado
0,HOUSEHL5,Eliminada por no pertenecer al set preliminar seleccionado
0,RELAT15,Eliminada por no pertenecer al set preliminar seleccionado
0,SEX15,Eliminada por no pertenecer al set preliminar seleccionado
0,AGE15,Eliminada por no pertenecer al set preliminar seleccionado
0,RELAT25,Eliminada por no pertenecer al set preliminar seleccionado
0,SEX25,Eliminada por no pertenecer al set preliminar seleccionado
0,AGE25,Eliminada por no pertenecer al set preliminar seleccionado
0,RELAT35,Eliminada por no pertenecer al set preliminar seleccionado
0,SEX35,Eliminada por no pertenecer al set preliminar seleccionado
0,AGE35,Eliminada por no pertenecer al set preliminar seleccionado
0,RELAT45,Eliminada por no pertenecer al set preliminar seleccionado
0,SEX45,Eliminada por no pertenecer al set preliminar seleccionado
0,AGE45,Eliminada por no pertenecer al set preliminar seleccionado
0,RELAT55,Eliminada por no pertenecer al set preliminar seleccionado
0,SEX55,Eliminada por no pertenecer al set preliminar seleccionado
0,AGE55,Eliminada por no pertenecer al set preliminar seleccionado
0,RELAT65,Eliminada por no pertenecer al set preliminar seleccionado
0,SEX65,Eliminada por no pertenecer al set preliminar seleccionado
0,AGE65,Eliminada por no pertenecer al set preliminar seleccionado
0,RELAT75,Eliminada por no pertenecer al set preliminar seleccionado
0,SEX75,Eliminada por no pertenecer al set preliminar seleccionado
0,AGE75,Eliminada por no pertenecer al set preliminar seleccionado
0,RELAT85,Eliminada por no pertenecer al set preliminar seleccionado
0,SEX85,Eliminada por no pertenecer al set preliminar seleccionado
0,AGE85,Eliminada por no pertenecer al set preliminar seleccionado
0,RELAT95,Eliminada por no pertenecer al set preliminar seleccionado
0,SEX95,Eliminada por no pertenecer al set preliminar seleccionado
0,AGE95,Eliminada por no pertenecer al set preliminar seleccionado
0,RELAT105,Eliminada por no pertenecer al set preliminar seleccionado
0,SEX105,Eliminada por no pertenecer al set preliminar seleccionado
0,AGE105,Eliminada por no pertenecer al set preliminar seleccionado
0,RELAT115,Eliminada por no pertenecer al set preliminar seleccionado
0,SEX115,Eliminada por no pertenecer al set preliminar seleccionado
0,AGE115,Eliminada por no pertenecer al set preliminar seleccionado
0,RELAT125,Eliminada por no pertenecer al set preliminar seleccionado
0,SEX125,Eliminada por no pertenecer al set preliminar seleccionado
0,AGE125,Eliminada por no pertenecer al set preliminar seleccionado
0,FIBROID5,Eliminada por no pertenecer al set preliminar seleccionado
0,FORMFLG5,Eliminada por no pertenecer al set preliminar seleccionado
0,SAADAY5,Eliminada por no pertenecer al set preliminar seleccionado
0,FORMSAA5,Eliminada por no pertenecer al set preliminar seleccionado
0,LANGSAA5,Eliminada por no pertenecer al set preliminar seleccionado
0,OVERHLT5,Eliminada por no pertenecer al set preliminar seleccionado
0,HOSPSTA5,Eliminada por no pertenecer al set preliminar seleccionado
0,MDTALK5,Eliminada por no pertenecer al set preliminar seleccionado
0,PAPSMEA5,Eliminada por no pertenecer al set preliminar seleccionado
0,BRSTEXA5,Eliminada por no pertenecer al set preliminar seleccionado
0,MAMOGRA5,Eliminada por no pertenecer al set preliminar seleccionado
0,HLTHSER5,Eliminada por no pertenecer al set preliminar seleccionado
0,INSURAN5,Eliminada por no pertenecer al set preliminar seleccionado
0,NOTAFFR5,Eliminada por no pertenecer al set preliminar seleccionado
0,NOTRANS5,Eliminada por no pertenecer al set preliminar seleccionado
0,NOPROVI5,Eliminada por no pertenecer al set preliminar seleccionado
0,TOOBUSY5,Eliminada por no pertenecer al set preliminar seleccionado
0,NOTRUST5,Eliminada por no pertenecer al set preliminar seleccionado
0,BETTROF5,Eliminada por no pertenecer al set preliminar seleccionado
0,FAILOTH5,Eliminada por no pertenecer al set preliminar seleccionado
0,SMOKERE5,Eliminada por no pertenecer al set preliminar seleccionado
0,AVCIGDA5,Eliminada por no pertenecer al set preliminar seleccionado
0,PEP5,Eliminada por no pertenecer al set preliminar seleccionado
0,CARING5,Eliminada por no pertenecer al set preliminar seleccionado
0,MEALS5,Eliminada por no pertenecer al set preliminar seleccionado
0,ROUTNCH5,Eliminada por no pertenecer al set preliminar seleccionado
0,MODERAT5,Eliminada por no pertenecer al set preliminar seleccionado
0,VIGOROU5,Eliminada por no pertenecer al set preliminar seleccionado
0,PHYSACT5,Eliminada por no pertenecer al set preliminar seleccionado
0,WATCHTV5,Eliminada por no pertenecer al set preliminar seleccionado
0,WALKBIK5,Eliminada por no pertenecer al set preliminar seleccionado
0,SWEATPA5,Eliminada por no pertenecer al set preliminar seleccionado
0,SPORTS5,Eliminada por no pertenecer al set preliminar seleccionado
0,SPOREX15,Eliminada por no pertenecer al set preliminar seleccionado
0,RATEIN15,Eliminada por no pertenecer al set preliminar seleccionado
0,MTHSAC15,Eliminada por no pertenecer al set preliminar seleccionado
0,HRSACT15,Eliminada por no pertenecer al set preliminar seleccionado
0,OTHSPOR5,Eliminada por no pertenecer al set preliminar seleccionado
0,SPOREX25,Eliminada por no pertenecer al set preliminar seleccionado
0,RATEIN25,Eliminada por no pertenecer al set preliminar seleccionado
0,MTHSAC25,Eliminada por no pertenecer al set preliminar seleccionado
0,HRSACT25,Eliminada por no pertenecer al set preliminar seleccionado
0,STIFF5,Eliminada por no pertenecer al set preliminar seleccionado
0,ACHES5,Eliminada por no pertenecer al set preliminar seleccionado
0,DIZZY5,Eliminada por no pertenecer al set preliminar seleccionado
0,HARTRAC5,Eliminada por no pertenecer al set preliminar seleccionado
0,FEARFULA5,Eliminada por no pertenecer al set preliminar seleccionado
0,HDACHE5,Eliminada por no pertenecer al set preliminar seleccionado
0,INVOLEA5,Eliminada por no pertenecer al set preliminar seleccionado
0,DAYSLEA5,Eliminada por no pertenecer al set preliminar seleccionado
0,COUGHLE5,Eliminada por no pertenecer al set preliminar seleccionado
0,URGEVOI5,Eliminada por no pertenecer al set preliminar seleccionado
0,OTHRLEA5,Eliminada por no pertenecer al set preliminar seleccionado
0,NUTRIRE5,Eliminada por no pertenecer al set preliminar seleccionado
0,HERBREM5,Eliminada por no pertenecer al set preliminar seleccionado
0,PSYCMET5,Eliminada por no pertenecer al set preliminar seleccionado
0,PHYSMET5,Eliminada por no pertenecer al set preliminar seleccionado
0,FOLKMED5,Eliminada por no pertenecer al set preliminar seleccionado
0,OTHRTHE5,Eliminada por no pertenecer al set preliminar seleccionado
0,SPECOTH5,Eliminada por no pertenecer al set preliminar seleccionado
0,STARTNE5,Eliminada por no pertenecer al set preliminar seleccionado
0,WORKTRB5,Eliminada por no pertenecer al set preliminar seleccionado
0,QUITJOB5,Eliminada por no pertenecer al set preliminar seleccionado
0,WORKLOA5,Eliminada por no pertenecer al set preliminar seleccionado
0,PRTUNEM5,Eliminada por no pertenecer al set preliminar seleccionado
0,MONEYPR5,Eliminada por no pertenecer al set preliminar seleccionado
0,WORSREL5,Eliminada por no pertenecer al set preliminar seleccionado
0,RELATEN5,Eliminada por no pertenecer al set preliminar seleccionado
0,SERIPRO5,Eliminada por no pertenecer al set preliminar seleccionado
0,CHILDMO5,Eliminada por no pertenecer al set preliminar seleccionado
0,RESPCAR5,Eliminada por no pertenecer al set preliminar seleccionado
0,LEGALPR5,Eliminada por no pertenecer al set preliminar seleccionado
0,CRELDIE5,Eliminada por no pertenecer al set preliminar seleccionado
0,CLOSDIE5,Eliminada por no pertenecer al set preliminar seleccionado
0,SELFVIO5,Eliminada por no pertenecer al set preliminar seleccionado
0,FAMLVIO5,Eliminada por no pertenecer al set preliminar seleccionado
0,PHYSILL5,Eliminada por no pertenecer al set preliminar seleccionado
0,MAJEVEN5,Eliminada por no pertenecer al set preliminar seleccionado
0,EMPLYPA5,Eliminada por no pertenecer al set preliminar seleccionado
0,REWRDJO5,Eliminada por no pertenecer al set preliminar seleccionado
0,STRSSJO5,Eliminada por no pertenecer al set preliminar seleccionado
0,CRNTCAR5,Eliminada por no pertenecer al set preliminar seleccionado
0,RWRDCAR5,Eliminada por no pertenecer al set preliminar seleccionado
0,STRSCAR5,Eliminada por no pertenecer al set preliminar seleccionado
0,CRNTMAR5,Eliminada por no pertenecer al set preliminar seleccionado
0,RWRDREL5,Eliminada por no pertenecer al set preliminar seleccionado
0,STRSREL5,Eliminada por no pertenecer al set preliminar seleccionado
0,CHILDRE5,Eliminada por no pertenecer al set preliminar seleccionado
0,REWRDMO5,Eliminada por no pertenecer al set preliminar seleccionado
0,STRSSMO5,Eliminada por no pertenecer al set preliminar seleccionado
0,INCOME5,Eliminada por no pertenecer al set preliminar seleccionado
0,STRENEX5,Eliminada por no pertenecer al set preliminar seleccionado
0,MODEREX5,Eliminada por no pertenecer al set preliminar seleccionado
0,FLGSAAV5,Eliminada por no pertenecer al set preliminar seleccionado
0,SABDAY5,Eliminada por no pertenecer al set preliminar seleccionado
0,LANGSAB5,Eliminada por no pertenecer al set preliminar seleccionado
0,NOPARTN5,Eliminada por no pertenecer al set preliminar seleccionado
0,PARTPRO5,Eliminada por no pertenecer al set preliminar seleccionado
0,PHYSPRO5,Eliminada por no pertenecer al set preliminar seleccionado
0,NOSEXOT5,Eliminada por no pertenecer al set preliminar seleccionado
0,SATISFY5,Eliminada por no pertenecer al set preliminar seleccionado
0,KISSING5,Eliminada por no pertenecer al set preliminar seleccionado
0,TOUCHIN5,Eliminada por no pertenecer al set preliminar seleccionado
0,ORALSEX5,Eliminada por no pertenecer al set preliminar seleccionado
0,INTCOUR5,Eliminada por no pertenecer al set preliminar seleccionado
0,AROUSED5,Eliminada por no pertenecer al set preliminar seleccionado
0,ABLECLM5,Eliminada por no pertenecer al set preliminar seleccionado
0,SATISFD5,Eliminada por no pertenecer al set preliminar seleccionado
0,FREQUEN5,Eliminada por no pertenecer al set preliminar seleccionado
0,MASTURB5,Eliminada por no pertenecer al set preliminar seleccionado
0,MEN6MOS5,Eliminada por no pertenecer al set preliminar seleccionado
0,FLGSABV5,Eliminada por no pertenecer al set preliminar seleccionado
0,PHYDAY5,Eliminada por no pertenecer al set preliminar seleccionado
0,PULSE5,Eliminada por no pertenecer al set preliminar seleccionado
0,SYSBP15,Eliminada por no pertenecer al set preliminar seleccionado
0,DIABP15,Eliminada por no pertenecer al set preliminar seleccionado
0,SYSBP25,Eliminada por no pertenecer al set preliminar seleccionado
0,DIABP25,Eliminada por no pertenecer al set preliminar seleccionado
0,HEIGHT5,Eliminada por no pertenecer al set preliminar seleccionado
0,HTMETHO5,Eliminada por no pertenecer al set preliminar seleccionado
0,WEIGHT5,Eliminada por no pertenecer al set preliminar seleccionado
0,SCALE5,Eliminada por no pertenecer al set preliminar seleccionado
0,WAIST5,Eliminada por no pertenecer al set preliminar seleccionado
0,WASTMEA5,Eliminada por no pertenecer al set preliminar seleccionado
0,HIP5,Eliminada por no pertenecer al set preliminar seleccionado
0,HIPMEAS5,Eliminada por no pertenecer al set preliminar seleccionado
0,FLGPHYV5,Eliminada por no pertenecer al set preliminar seleccionado
0,FFQDAY5,Eliminada por no pertenecer al set preliminar seleccionado
0,LANGFFQ5,Eliminada por no pertenecer al set preliminar seleccionado
0,LANGSPK5,Eliminada por no pertenecer al set preliminar seleccionado
0,WLOSSDT5,Eliminada por no pertenecer al set preliminar seleccionado
0,GLOBVEG5,Eliminada por no pertenecer al set preliminar seleccionado
0,GLOBFRT5,Eliminada por no pertenecer al set preliminar seleccionado
0,GLOBCER5,Eliminada por no pertenecer al set preliminar seleccionado
0,GLOBMLK5,Eliminada por no pertenecer al set preliminar seleccionado
0,OJCALC5,Eliminada por no pertenecer al set preliminar seleccionado
0,LFATCHS5,Eliminada por no pertenecer al set preliminar seleccionado
0,LFATICE5,Eliminada por no pertenecer al set preliminar seleccionado
0,LFATSAL5,Eliminada por no pertenecer al set preliminar seleccionado
0,LFATCAK5,Eliminada por no pertenecer al set preliminar seleccionado
0,EATSALT5,Eliminada por no pertenecer al set preliminar seleccionado
0,EATSKIN5,Eliminada por no pertenecer al set preliminar seleccionado
0,EATFATM5,Eliminada por no pertenecer al set preliminar seleccionado
0,WELLDNE5,Eliminada por no pertenecer al set preliminar seleccionado
0,TAKEVIT5,Eliminada por no pertenecer al set preliminar seleccionado
0,YRSONEA5,Eliminada por no pertenecer al set preliminar seleccionado
0,YRSAO5,Eliminada por no pertenecer al set preliminar seleccionado
0,YRSVITA5,Eliminada por no pertenecer al set preliminar seleccionado
0,YRSBETA5,Eliminada por no pertenecer al set preliminar seleccionado
0,YRSVITC5,Eliminada por no pertenecer al set preliminar seleccionado
0,YRSVITE5,Eliminada por no pertenecer al set preliminar seleccionado
0,YRSCA5,Eliminada por no pertenecer al set preliminar seleccionado
0,YRSIRON5,Eliminada por no pertenecer al set preliminar seleccionado
0,YRSZINC5,Eliminada por no pertenecer al set preliminar seleccionado
0,YRSSELE5,Eliminada por no pertenecer al set preliminar seleccionado
0,SUPVITA5,Eliminada por no pertenecer al set preliminar seleccionado
0,SUPVITC5,Eliminada por no pertenecer al set preliminar seleccionado
0,SUPVITD5,Eliminada por no pertenecer al set preliminar seleccionado
0,SUPVITE5,Eliminada por no pertenecer al set preliminar seleccionado
0,SUPCA5,Eliminada por no pertenecer al set preliminar seleccionado
0,SUPBCAR5,Eliminada por no pertenecer al set preliminar seleccionado
0,SUPB15,Eliminada por no pertenecer al set preliminar seleccionado
0,SUPB65,Eliminada por no pertenecer al set preliminar seleccionado
0,SUPB125,Eliminada por no pertenecer al set preliminar seleccionado
0,SUPFOL5,Eliminada por no pertenecer al set preliminar seleccionado
0,SUPCU5,Eliminada por no pertenecer al set preliminar seleccionado
0,SUPSELE5,Eliminada por no pertenecer al set preliminar seleccionado
0,SUPFE5,Eliminada por no pertenecer al set preliminar seleccionado
0,SUPZINC5,Eliminada por no pertenecer al set preliminar seleccionado
0,DTTKCAL5,Eliminada por no pertenecer al set preliminar seleccionado
0,DTTPROT5,Eliminada por no pertenecer al set preliminar seleccionado
0,DTTCARB5,Eliminada por no pertenecer al set preliminar seleccionado
0,DTTFAT5,Eliminada por no pertenecer al set preliminar seleccionado
0,DTTCALC5,Eliminada por no pertenecer al set preliminar seleccionado
0,DTTPHOS5,Eliminada por no pertenecer al set preliminar seleccionado
0,DTTFE5,Eliminada por no pertenecer al set preliminar seleccionado
0,DTTNA5,Eliminada por no pertenecer al set preliminar seleccionado
0,DTTPOTA5,Eliminada por no pertenecer al set preliminar seleccionado
0,DTTAIU5,Eliminada por no pertenecer al set preliminar seleccionado
0,DTTARE5,Eliminada por no pertenecer al set preliminar seleccionado
0,DTTB15,Eliminada por no pertenecer al set preliminar seleccionado
0,DTTB65,Eliminada por no pertenecer al set preliminar seleccionado
0,DTTRIBO5,Eliminada por no pertenecer al set preliminar seleccionado
0,DTTNIAC5,Eliminada por no pertenecer al set preliminar seleccionado
0,DTTVITC5,Eliminada por no pertenecer al set preliminar seleccionado
0,DTTSFAT5,Eliminada por no pertenecer al set preliminar seleccionado
0,DTTOLEC5,Eliminada por no pertenecer al set preliminar seleccionado
0,DTTLIN5,Eliminada por no pertenecer al set preliminar seleccionado
0,DTTCHOL5,Eliminada por no pertenecer al set preliminar seleccionado
0,DTTDFIB5,Eliminada por no pertenecer al set preliminar seleccionado
0,DTTFOL5,Eliminada por no pertenecer al set preliminar seleccionado
0,DTTDFE5,Eliminada por no pertenecer al set preliminar seleccionado
0,DTTVITE5,Eliminada por no pertenecer al set preliminar seleccionado
0,DTTZINC5,Eliminada por no pertenecer al set preliminar seleccionado
0,DTTANZN5,Eliminada por no pertenecer al set preliminar seleccionado
0,DTTMG5,Eliminada por no pertenecer al set preliminar seleccionado
0,DTTACAR5,Eliminada por no pertenecer al set preliminar seleccionado
0,DTTBCAR5,Eliminada por no pertenecer al set preliminar seleccionado
0,DTTRET5,Eliminada por no pertenecer al set preliminar seleccionado
0,DTTPROA5,Eliminada por no pertenecer al set preliminar seleccionado
0,FIBBEAN5,Eliminada por no pertenecer al set preliminar seleccionado
0,FIBVEGF5,Eliminada por no pertenecer al set preliminar seleccionado
0,FIBGRAI5,Eliminada por no pertenecer al set preliminar seleccionado
0,DTTALCH5,Eliminada por no pertenecer al set preliminar seleccionado
0,DTTSWET5,Eliminada por no pertenecer al set preliminar seleccionado
0,GMSOLID5,Eliminada por no pertenecer al set preliminar seleccionado
0,DTTCAFF5,Eliminada por no pertenecer al set preliminar seleccionado
0,DTTVITD5,Eliminada por no pertenecer al set preliminar seleccionado
0,DTTB125,Eliminada por no pertenecer al set preliminar seleccionado
0,DTTTRAN5,Eliminada por no pertenecer al set preliminar seleccionado
0,DTTOMEG5,Eliminada por no pertenecer al set preliminar seleccionado
0,DTTCOPP5,Eliminada por no pertenecer al set preliminar seleccionado
0,DTTMANG5,Eliminada por no pertenecer al set preliminar seleccionado
0,DTTPANT5,Eliminada por no pertenecer al set preliminar seleccionado
0,BATKCAL5,Eliminada por no pertenecer al set preliminar seleccionado
0,BATPROT5,Eliminada por no pertenecer al set preliminar seleccionado
0,BATTFAT5,Eliminada por no pertenecer al set preliminar seleccionado
0,BATCARB5,Eliminada por no pertenecer al set preliminar seleccionado
0,BATPHOS5,Eliminada por no pertenecer al set preliminar seleccionado
0,BATPOTS5,Eliminada por no pertenecer al set preliminar seleccionado
0,BATRIBO5,Eliminada por no pertenecer al set preliminar seleccionado
0,BATNIAC5,Eliminada por no pertenecer al set preliminar seleccionado
0,PCTALCH5,Eliminada por no pertenecer al set preliminar seleccionado
0,PCTSWET5,Eliminada por no pertenecer al set preliminar seleccionado
0,PCTFAT5,Eliminada por no pertenecer al set preliminar seleccionado
0,PCTPROT5,Eliminada por no pertenecer al set preliminar seleccionado
0,PCTCARB5,Eliminada por no pertenecer al set preliminar seleccionado
0,FRUTSRV5,Eliminada por no pertenecer al set preliminar seleccionado
0,FVFRQ5,Eliminada por no pertenecer al set preliminar seleccionado
0,VEGSRV5,Eliminada por no pertenecer al set preliminar seleccionado
0,VEGFRQ5,Eliminada por no pertenecer al set preliminar seleccionado
0,GRANSRV5,Eliminada por no pertenecer al set preliminar seleccionado
0,GRANFRQ5,Eliminada por no pertenecer al set preliminar seleccionado
0,MEATSRV5,Eliminada por no pertenecer al set preliminar seleccionado
0,MEATFRQ5,Eliminada por no pertenecer al set preliminar seleccionado
0,DARYSRV5,Eliminada por no pertenecer al set preliminar seleccionado
0,DARYFRQ5,Eliminada por no pertenecer al set preliminar seleccionado
0,FVSRV5,Eliminada por no pertenecer al set preliminar seleccionado
0,FATSRV5,Eliminada por no pertenecer al set preliminar seleccionado
0,ALCHSRV5,Eliminada por no pertenecer al set preliminar seleccionado
0,FRUTWK5,Eliminada por no pertenecer al set preliminar seleccionado
0,FRUTMON5,Eliminada por no pertenecer al set preliminar seleccionado
0,FATWK5,Eliminada por no pertenecer al set preliminar seleccionado
0,FATMON5,Eliminada por no pertenecer al set preliminar seleccionado
0,ALCHWK5,Eliminada por no pertenecer al set preliminar seleccionado
0,ALCHMON5,Eliminada por no pertenecer al set preliminar seleccionado
0,VEGWK5,Eliminada por no pertenecer al set preliminar seleccionado
0,VEGMON5,Eliminada por no pertenecer al set preliminar seleccionado
0,GRANWK5,Eliminada por no pertenecer al set preliminar seleccionado
0,GRANMON5,Eliminada por no pertenecer al set preliminar seleccionado
0,MEATWK5,Eliminada por no pertenecer al set preliminar seleccionado
0,MEATMON5,Eliminada por no pertenecer al set preliminar seleccionado
0,DARYWK5,Eliminada por no pertenecer al set preliminar seleccionado
0,DARYMON5,Eliminada por no pertenecer al set preliminar seleccionado
0,FVWK5,Eliminada por no pertenecer al set preliminar seleccionado
0,FVMON5,Eliminada por no pertenecer al set preliminar seleccionado
0,ALLIRON5,Eliminada por no pertenecer al set preliminar seleccionado
0,ALLZINC5,Eliminada por no pertenecer al set preliminar seleccionado
0,ALLFOL5,Eliminada por no pertenecer al set preliminar seleccionado
0,ALLVITC5,Eliminada por no pertenecer al set preliminar seleccionado
0,ALLCALC5,Eliminada por no pertenecer al set preliminar seleccionado
0,ALLARE5,Eliminada por no pertenecer al set preliminar seleccionado
0,ALLBCAR5,Eliminada por no pertenecer al set preliminar seleccionado
0,ALLB15,Eliminada por no pertenecer al set preliminar seleccionado
0,ALLB25,Eliminada por no pertenecer al set preliminar seleccionado
0,ALLB65,Eliminada por no pertenecer al set preliminar seleccionado
0,ALLVITE5,Eliminada por no pertenecer al set preliminar seleccionado
0,ALLB125,Eliminada por no pertenecer al set preliminar seleccionado
0,ALLVITD5,Eliminada por no pertenecer al set preliminar seleccionado
0,EFP5,Eliminada por no pertenecer al set preliminar seleccionado
0,LANGEFP5,Eliminada por no pertenecer al set preliminar seleccionado
0,EFPKCAL5,Eliminada por no pertenecer al set preliminar seleccionado
0,EFPPROT5,Eliminada por no pertenecer al set preliminar seleccionado
0,EFPFAT5,Eliminada por no pertenecer al set preliminar seleccionado
0,EFPCARB5,Eliminada por no pertenecer al set preliminar seleccionado
0,EFPCALC5,Eliminada por no pertenecer al set preliminar seleccionado
0,EFPPHOS5,Eliminada por no pertenecer al set preliminar seleccionado
0,EFPFE5,Eliminada por no pertenecer al set preliminar seleccionado
0,EFPNA5,Eliminada por no pertenecer al set preliminar seleccionado
0,EFPPOTA5,Eliminada por no pertenecer al set preliminar seleccionado
0,EFPAIUI5,Eliminada por no pertenecer al set preliminar seleccionado
0,EFPARE5,Eliminada por no pertenecer al set preliminar seleccionado
0,EFPB15,Eliminada por no pertenecer al set preliminar seleccionado
0,EFPRIBO5,Eliminada por no pertenecer al set preliminar seleccionado
0,EFPNIAC5,Eliminada por no pertenecer al set preliminar seleccionado
0,EFPVITC5,Eliminada por no pertenecer al set preliminar seleccionado
0,EFPSFAT5,Eliminada por no pertenecer al set preliminar seleccionado
0,EFPOLEC5,Eliminada por no pertenecer al set preliminar seleccionado
0,EFPLIN5,Eliminada por no pertenecer al set preliminar seleccionado
0,EFPCHOL5,Eliminada por no pertenecer al set preliminar seleccionado
0,EFPDFIB5,Eliminada por no pertenecer al set preliminar seleccionado
0,EFPFOL5,Eliminada por no pertenecer al set preliminar seleccionado
0,EFPVITE5,Eliminada por no pertenecer al set preliminar seleccionado
0,EFPZINC5,Eliminada por no pertenecer al set preliminar seleccionado
0,EFPANZN5,Eliminada por no pertenecer al set preliminar seleccionado
0,EFPB65,Eliminada por no pertenecer al set preliminar seleccionado
0,EFPMG5,Eliminada por no pertenecer al set preliminar seleccionado
0,EFPACAR5,Eliminada por no pertenecer al set preliminar seleccionado
0,EFPBCAR5,Eliminada por no pertenecer al set preliminar seleccionado
0,EFPCRYP5,Eliminada por no pertenecer al set preliminar seleccionado
0,EFPLUT5,Eliminada por no pertenecer al set preliminar seleccionado
0,EFPLYC5,Eliminada por no pertenecer al set preliminar seleccionado
0,EFPRET5,Eliminada por no pertenecer al set preliminar seleccionado
0,EFPPROA5,Eliminada por no pertenecer al set preliminar seleccionado
0,EFPGENI5,Eliminada por no pertenecer al set preliminar seleccionado
0,EFPDAID5,Eliminada por no pertenecer al set preliminar seleccionado
0,EFPCOUM5,Eliminada por no pertenecer al set preliminar seleccionado
0,EFPCAFF5,Eliminada por no pertenecer al set preliminar seleccionado
0,EFPVITD5,Eliminada por no pertenecer al set preliminar seleccionado
0,EFPB125,Eliminada por no pertenecer al set preliminar seleccionado
0,EFPTRAN5,Eliminada por no pertenecer al set preliminar seleccionado
0,EFPISOF5,Eliminada por no pertenecer al set preliminar seleccionado
0,EFPQUER5,Eliminada por no pertenecer al set preliminar seleccionado
0,EFPOMEG5,Eliminada por no pertenecer al set preliminar seleccionado
0,EFPCOPP5,Eliminada por no pertenecer al set preliminar seleccionado
0,EFPMANG5,Eliminada por no pertenecer al set preliminar seleccionado
0,EFPPANT5,Eliminada por no pertenecer al set preliminar seleccionado
0,EFPDFE5,Eliminada por no pertenecer al set preliminar seleccionado
0,EFPBEAN5,Eliminada por no pertenecer al set preliminar seleccionado
0,EFPFIBV5,Eliminada por no pertenecer al set preliminar seleccionado
0,EFPGRAI5,Eliminada por no pertenecer al set preliminar seleccionado
0,EFPFRTS5,Eliminada por no pertenecer al set preliminar seleccionado
0,EFPFATS5,Eliminada por no pertenecer al set preliminar seleccionado
0,EFPVEGS5,Eliminada por no pertenecer al set preliminar seleccionado
0,EFPVEGF5,Eliminada por no pertenecer al set preliminar seleccionado
0,EFPGRNS5,Eliminada por no pertenecer al set preliminar seleccionado
0,EFPGRNF5,Eliminada por no pertenecer al set preliminar seleccionado
0,EFPMTSV5,Eliminada por no pertenecer al set preliminar seleccionado
0,EFPMTFQ5,Eliminada por no pertenecer al set preliminar seleccionado
0,EFPDARS5,Eliminada por no pertenecer al set preliminar seleccionado
0,EFPDARF5,Eliminada por no pertenecer al set preliminar seleccionado
0,EFPFVSV5,Eliminada por no pertenecer al set preliminar seleccionado
0,EFPFVFQ5,Eliminada por no pertenecer al set preliminar seleccionado
0,ADD1XWK5,Eliminada por no pertenecer al set preliminar seleccionado
0,NUMADDS5,Eliminada por no pertenecer al set preliminar seleccionado
0,NSKIP5,Eliminada por no pertenecer al set preliminar seleccionado
0,EXCLUDE5,Eliminada por no pertenecer al set preliminar seleccionado
0,HRMDAY5,Eliminada por no pertenecer al set preliminar seleccionado
0,DHAS5,Eliminada por no pertenecer al set preliminar seleccionado
0,FSH5,Eliminada por no pertenecer al set preliminar seleccionado
0,SHBG5,Eliminada por no pertenecer al set preliminar seleccionado
0,T5,Eliminada por no pertenecer al set preliminar seleccionado
0,CYCDAY5,Eliminada por no pertenecer al set preliminar seleccionado
0,E2AVE5,Eliminada por no pertenecer al set preliminar seleccionado
0,FLGCV5,Eliminada por no pertenecer al set preliminar seleccionado
0,FLGDIF5,Eliminada por no pertenecer al set preliminar seleccionado
0,CVRDAY5,Eliminada por no pertenecer al set preliminar seleccionado
0,FLAGSER5,Eliminada por no pertenecer al set preliminar seleccionado
0,CHOLRES5,Eliminada por no pertenecer al set preliminar seleccionado
0,TRIGRES5,Eliminada por no pertenecer al set preliminar seleccionado
0,LDLRESU5,Eliminada por no pertenecer al set preliminar seleccionado
0,HDLRESU5,Eliminada por no pertenecer al set preliminar seleccionado
0,GLUCRES5,Eliminada por no pertenecer al set preliminar seleccionado
0,INSURES5,Eliminada por no pertenecer al set preliminar seleccionado
0,FACRESU5,Eliminada por no pertenecer al set preliminar seleccionado
0,FIBRESU5,Eliminada por no pertenecer al set preliminar seleccionado
0,PAIRESU5,Eliminada por no pertenecer al set preliminar seleccionado
0,TPARESU5,Eliminada por no pertenecer al set preliminar seleccionado
0,LPARESU5,Eliminada por no pertenecer al set preliminar seleccionado
0,LPA1RES5,Eliminada por no pertenecer al set preliminar seleccionado
0,APOARES5,Eliminada por no pertenecer al set preliminar seleccionado
0,APOBRES5,Eliminada por no pertenecer al set preliminar seleccionado
0,CRPRESU5,Eliminada por no pertenecer al set preliminar seleccionado
0,FLGCVRV5,Eliminada por no pertenecer al set preliminar seleccionado
0,SPSCDAY5,Eliminada por no pertenecer al set preliminar seleccionado
0,SPSCTIM5,Eliminada por no pertenecer al set preliminar seleccionado
0,SPSCMOD5,Eliminada por no pertenecer al set preliminar seleccionado
0,HPSCDAY5,Eliminada por no pertenecer al set preliminar seleccionado
0,HPSCTIM5,Eliminada por no pertenecer al set preliminar seleccionado
0,HPSCMOD5,Eliminada por no pertenecer al set preliminar seleccionado
0,SPBMDT5,Eliminada por no pertenecer al set preliminar seleccionado
0,HPBMDT5,Eliminada por no pertenecer al set preliminar seleccionado
0,BMDFLG5,Eliminada por no pertenecer al set preliminar seleccionado
