variable,descripcion,tipo_variable,razon_clinica,recomendacion_ml,,,
ANEMIA5,Historial o presencia de anemia diagnosticada en la visita 05,binaria,Variable dicotmica (S/No) que representa una condicin mdica ausente o presente.,mantener numrica,,,
DIABETE5,Historial o presencia de diabetes diagnosticada en la visita 05,binaria,Variable dicotomica (Si/No) que representa una condicion medica ausente o presente.,mantener numerica,,,
HIGHBP5,Historial o presencia de hipertension arterial diagnosticada en la visita 05,binaria,Variable dicotomica (Si/No) que representa una condicion medica ausente o presente.,mantener numerica,,,
HBCHOLE5,Historial o presencia de colesterol alto diagnosticado en la visita 05,binaria,Variable dicotomica (Si/No) que representa una condicion medica ausente o presente.,mantener numerica,,,
MIGRAIN5,Historial o presencia de migranas diagnosticadas en la visita 05,binaria,Variable dicotomica (Si/No) que representa una condicion medica ausente o presente.,mantener numerica,,,
OSTEOAR5,Historial o presencia de osteoartritis diagnosticada en la visita 05,binaria,Variable dicotomica (Si/No) que representa una condicion medica ausente o presente.,mantener numerica,,,
THYROID5,Historial o presencia de enfermedad de la tiroides diagnosticada en la visita 05,binaria,Variable dicotomica (Si/No) que representa una condicion medica ausente o presente.,mantener numerica,,,
FIBRUTR5,Historial o presencia de fibromas uterinos diagnosticados en la visita 05,binaria,Variable dicotomica (Si/No) que representa una condicion medica ausente o presente.,mantener numerica,,,
NERVES5,Nivel de nerviosismo o estres auto-reportado (escala de puntuacion acumulada/frecuencia),ordinal,Escala Likert cuantitativa que evalua la frecuencia o intensidad de estados emocionales o de tension.,mantener numerica,,,
SMOKERE5,Estado o historial de consumo de tabaco (Fumador actual/Ex-fumador/Nunca),nominal,Variable categorica de clasificacion de habito tabaquico sin un orden puramente lineal o biologico estricto entre categorias.,mantener numerica codificada,,,
ENERGY5,Nivel de energia percibido por la paciente en las ultimas semanas,ordinal,Escala Likert que evalua de forma gradual e incremental la vitalidad subjetiva de la paciente.,mantener numerica,,,
WORNOUT5,Frecuencia con la que la paciente se siente exhausta o desgastada,ordinal,Escala de intensidad/frecuencia progresiva que mide el agotamiento fisico o mental.,mantener numerica,,,
TIRED5,Frecuencia con la que la paciente se siente cansada,ordinal,Escala clinica ordinal que evalua la persistencia del sintoma de fatiga general.,mantener numerica,,,
STIFF5,Severidad o frecuencia de rigidez en articulaciones o musculos,ordinal,Escala clinica de severidad que cuantifica la progresion del compromiso musculoesqueletico.,mantener numerica,,,
ACHES5,Intensidad o frecuencia de dolores corporales generales,ordinal,Escala clinica de dolor que califica de manera progresiva el nivel de malestar o afectacion somatica.,mantener numerica,,,
COLDSWE5,Frecuencia o severidad de sudores frios reportados,ordinal,Sintoma vasomotor o autonomico evaluado segun escalas de frecuencia/intensidad ordinal.,mantener numerica,,,
NITESWE5,Frecuencia o severidad de sudores nocturnos,ordinal,Sintoma vasomotor clave del climaterio medido incrementalmente segun su impacto o recurrencia.,mantener numerica,,,
VAGINDR5,Presencia o nivel de severidad de sequedad vaginal,ordinal,Sintoma genitourinario de la menopausia clasificado en grados de severidad o molestia.,mantener numerica,,,
FEELBLU5,Frecuencia con la que se siente desanimada,"triste o ""blue""",ordinal,Escala sintomatica gradual empleada en cribados de alteracion del estado de animo.,mantener numerica,,
DIZZY5,Frecuencia o intensidad de mareos experimentados,ordinal,Sintoma neurologico/autonomico medido bajo una escala progresiva de frecuencia.,mantener numerica,,,
IRRITAB5,Nivel o frecuencia de irritabilidad manifestada,ordinal,Escala psicologica ordinal que evalua cambios progresivos en la labilidad emocional.,mantener numerica,,,
NRVOUS5,Frecuencia con la que experimenta estados de nerviosismo agudo,ordinal,Medida psicometrica estandarizada de ansiedad e hiperalerta clasificada en rangos ordinales.,mantener numerica,,,
FORGET5,Frecuencia con la que experimenta olvidos o fallas de memoria,ordinal,Evaluacion subjetiva de disfuncion cognitiva leve medida en rangos de frecuencia incremental.,mantener numerica,,,
MOODCHG5,Frecuencia o severidad de cambios bruscos de humor,ordinal,Indicador de inestabilidad afectiva calificado clinicamente segun su frecuencia.,mantener numerica,,,
HARTRAC5,Frecuencia de episodios de aceleracion del ritmo cardiaco o palpitaciones,ordinal,Sintoma cardiovascular/autonomico graduado segun la recurrencia de las crisis.,mantener numerica,,,
FEARFULA5,Frecuencia con la que siente temor,miedo o aprension injustificada,ordinal,Escala ordinal sintomatica que evalua la dimension del miedo dentro de trastornos de ansiedad.,mantener numerica,,
HDACHE5,Frecuencia o severidad de dolores de cabeza comunes,ordinal,Escala de recurrencia o intensidad de cefaleas para medir el impacto sintomatico.,mantener numerica,,,
HOTFLAS5,Frecuencia o severidad de sofocos (bochornos) termicos,ordinal,El sintoma vasomotor principal de la transicion menopausica evaluado en escala de frecuencia/intensidad.,mantener numerica,,,
BRSTPAI5,Frecuencia o severidad de dolor mamario (mastalgia),ordinal,Sintoma ligado a fluctuaciones hormonales ciclicas clasificado en grados de molestia.,mantener numerica,,,
TRBLSLE5,Frecuencia de problemas o dificultades para conciliar el sueno,ordinal,Trastorno de inicio del sueno evaluado mediante una escala Likert de afectacion progresiva.,mantener numerica,,,
WAKEUP5,Frecuencia de despertares nocturnos recurrentes,ordinal,Variable ordinal que mide la fragmentacion cualitativa y cuantitativa del sueno.,mantener numerica,,,
WAKEARL5,Frecuencia de despertares tempranos involuntarios (insomnio terminal),ordinal,Marcador clinico de alteracion del ciclo circadiano medido en escala de frecuencia.,mantener numerica,,,
SLEEPQL5,Calidad global percibida del sueno,ordinal,"Escala ordinal que califica el descanso desde ""muy reparador"" hasta ""pesimo o nulo"".",mantener numerica,,,
GETUPUR5,Dificultad o urgencia al levantarse debido a la fatiga o malestar,ordinal,Manifestacion fisica/conductual del impacto del sueno no reparador estructurado de forma jerarquica.,mantener numerica,,,
DESIRSE5,Nivel de deseo o interes sexual reportado por la paciente,ordinal,Escala cualitativa indexada para medir disfuncion o libido sexual de menor a mayor de forma ordenada.,mantener numerica,,,
ENGAGSE5,Frecuencia de participacion o involucramiento en actividades sexuales,ordinal,Frecuencia de conducta evaluada en intervalos temporales ordenados secuencialmente.,mantener numerica,,,
PELVIC5,Frecuencia o severidad de dolor en la zona pelvica,ordinal,Dolor localizado analizado clinicamente mediante escalas graduales de afectacion.,mantener numerica,,,
LUBRICN5,Nivel de lubricacion vaginal durante el coito o actividad,ordinal,Parametro de respuesta fisiologica sexual categorizado ordinalmente segun la suficiencia.,mantener numerica,,,
WEIGHT5,Peso corporal medido en kilogramos,continua,Variable fisica metrica continua de naturaleza antropometrica.,mantener numerica,,,
BMI5,Indice de Masa Corporal calculado (IMC),continua,Indicador numerico continuo derivado de la relacion matematica peso/talla para evaluar estado nutricional.,mantener numerica,,,
STATUS5,Estado de transicion menopausica de la paciente (Variable Objetivo),nominal,Clasificacion de etapas biologicas independientes (Premenopausia,Perimenopausia Temprana/Tardia,Postmenopausia,Quirurgica). Carece de orden puramente lineal debido a subcategorias complejas o indeterminadas (ej. uso de HT o histerectomia).,aplicar one-hot encoding
RACE,Raza o etnicidad auto-reportada de la participante,nominal,Variable demografica categorica de grupos mutuamente excluyentes sin ninguna jerarquia o secuencia natural.,aplicar one-hot encoding,,,
AGE5,Edad de la paciente en anos en la visita 05,continua,Variable demografica metrica continua que representa la edad cronologica en la visita 05.,mantener numerica,,,
